,file_name,category_id
0,fire_ant (180).jpg,1
1,fire_ant (404).jpg,1
2,fire_ant (504).jpg,1
3,arigumo (24).jpg,2
4,fire_ant (12).jpg,1
5,fire_ant (656).jpg,1
6,fire_ant (517).jpg,1
7,arigumo (56).jpg,2
8,not (16).jpg,0
9,fire_ant (34).jpg,1
10,not (1478).jpg,0
11,not (305).JPG,0
12,fire_ant (582).jpg,1
13,not (759).jpg,0
14,not (839).jpg,0
15,not (1488).jpg,0
16,not (999).jpg,0
17,not (348).JPG,0
18,fire_ant (492).jpg,1
19,not (1735).jpg,0
20,not (1340).jpg,0
21,not (1314).jpg,0
22,fire_ant (313).jpg,1
23,not (1793).jpg,0
24,not (61).jpeg,0
25,fire_ant (505).jpg,1
26,not (218).JPG,0
27,not (1306).jpg,0
28,not (326).JPG,0
29,not (1460).jpg,0
30,not (81).jpeg,0
31,arigumo (80).jpg,2
32,fire_ant (185).jpg,1
33,fire_ant (580).jpg,1
34,not (72).jpg,0
35,not (705).jpg,0
36,not (42).jpg,0
37,not (1277).jpg,0
38,not (899).jpg,0
39,fire_ant (99).jpg,1
40,fire_ant (678).jpg,1
41,not (964).jpg,0
42,not (938).jpg,0
43,fire_ant (486).jpg,1
44,fire_ant (514).jpg,1
45,not (1625).JPG,0
46,not (1603).JPG,0
47,fire_ant (299).jpg,1
48,fire_ant (608).jpg,1
49,not (827).jpg,0
50,not (857).jpg,0
51,not (1665).jpg,0
52,not (464).jpg,0
53,not (67).jpeg,0
54,not (1400).jpg,0
55,fire_ant (643).jpg,1
56,not (727).jpg,0
57,not (358).JPG,0
58,not (652).jpg,0
59,not (506).jpg,0
60,not (928).jpg,0
61,not (1244).jpg,0
62,not (879).jpg,0
63,fire_ant (663).jpg,1
64,not (1643).JPG,0
65,not (327).JPG,0
66,fire_ant (611).jpg,1
67,fire_ant (667).jpg,1
68,not (1116).jpg,0
69,not (2).jpeg,0
70,not (1541).JPG,0
71,not (232).JPG,0
72,not (1239).jpg,0
73,not (1671).jpg,0
74,not (1453).jpg,0
75,not (1673).jpg,0
76,fire_ant (528).jpg,1
77,not (1485).jpg,0
78,not (104).jpeg,0
79,not (1508).JPG,0
80,fire_ant (380).jpg,1
81,fire_ant (198).jpg,1
82,not (209).JPG,0
83,not (216).JPG,0
84,fire_ant (526).jpg,1
85,not (73).jpg,0
86,not (146).jpg,0
87,not (1539).JPG,0
88,not (1242).jpg,0
89,arigumo (83).jpg,2
90,fire_ant (690).jpg,1
91,not (838).jpg,0
92,not (1570).JPG,0
93,not (246).JPG,0
94,not (174).JPG,0
95,not (580).jpg,0
96,fire_ant (73).jpg,1
97,fire_ant (496).jpg,1
98,arigumo (43).jpg,2
99,not (95).jpeg,0
100,not (1769).jpg,0
101,not (859).jpg,0
102,not (1695).jpg,0
103,not (1446).jpg,0
104,not (785).jpg,0
105,not (1611).JPG,0
106,not (1778).jpg,0
107,not (1367).jpg,0
108,not (1723).jpg,0
109,fire_ant (645).jpg,1
110,not (1299).jpg,0
111,not (291).JPG,0
112,not (1573).JPG,0
113,not (1608).JPG,0
114,fire_ant (257).jpg,1
115,not (1533).JPG,0
116,not (340).JPG,0
117,not (1842).JPG,0
118,not (500).jpg,0
119,not (951).jpg,0
120,fire_ant (100).jpg,1
121,not (98).jpeg,0
122,not (275).JPG,0
123,fire_ant (135).jpg,1
124,not (478).jpg,0
125,fire_ant (140).jpg,1
126,not (111).jpg,0
127,fire_ant (65).jpg,1
128,not (37).jpg,0
129,not (1249).jpg,0
130,fire_ant (423).jpg,1
131,not (386).JPG,0
132,not (1268).jpg,0
133,not (526).jpg,0
134,not (1678).jpg,0
135,arigumo (93).jpg,2
136,fire_ant (451).jpg,1
137,not (988).jpg,0
138,not (1210).jpg,0
139,not (927).jpg,0
140,fire_ant (534).jpg,1
141,fire_ant (246).jpg,1
142,fire_ant (62).jpg,1
143,not (1591).JPG,0
144,not (154).jpg,0
145,not (548).jpg,0
146,fire_ant (503).jpg,1
147,not (632).jpg,0
148,not (1160).jpg,0
149,not (210).JPG,0
150,fire_ant (634).jpg,1
151,arigumo (14).jpg,2
152,not (592).jpg,0
153,not (29).jpeg,0
154,not (844).jpg,0
155,not (950).jpg,0
156,not (1024).jpg,0
157,not (243).JPG,0
158,not (1237).jpg,0
159,not (1264).jpg,0
160,not (1560).JPG,0
161,not (600).jpg,0
162,fire_ant (155).jpg,1
163,not (297).JPG,0
164,not (1850).JPG,0
165,fire_ant (42).jpg,1
166,not (3).jpeg,0
167,fire_ant (300).jpg,1
168,not (1830).JPG,0
169,not (183).JPG,0
170,arigumo (84).jpg,2
171,not (828).jpg,0
172,not (1420).jpg,0
173,not (1744).jpg,0
174,not (1052).jpg,0
175,not (1809).jpg,0
176,not (768).jpg,0
177,not (621).jpg,0
178,not (80).jpeg,0
179,not (849).jpg,0
180,fire_ant (132).jpg,1
181,fire_ant (64).jpg,1
182,not (163).jpg,0
183,not (1451).jpg,0
184,not (1776).jpg,0
185,fire_ant (263).jpg,1
186,not (294).JPG,0
187,not (758).jpg,0
188,not (1103).jpg,0
189,not (975).jpg,0
190,fire_ant (181).jpg,1
191,not (1383).jpg,0
192,fire_ant (360).jpg,1
193,fire_ant (295).jpg,1
194,fire_ant (548).jpg,1
195,not (105).jpg,0
196,not (126).jpg,0
197,not (1683).jpg,0
198,not (1283).jpg,0
199,not (49).jpg,0
200,fire_ant (595).jpg,1
201,not (44).jpg,0
202,not (597).jpg,0
203,not (884).jpg,0
204,not (423).JPG,0
205,not (657).jpg,0
206,not (63).jpeg,0
207,fire_ant (671).jpg,1
208,not (1660).jpg,0
209,not (1764).jpg,0
210,not (626).jpg,0
211,fire_ant (652).jpg,1
212,not (701).jpg,0
213,fire_ant (133).jpg,1
214,not (1401).jpg,0
215,not (96).jpg,0
216,not (942).jpg,0
217,not (820).jpg,0
218,not (49).jpeg,0
219,fire_ant (328).jpg,1
220,not (184).JPG,0
221,fire_ant (3).jpg,1
222,not (1736).jpg,0
223,not (1238).jpg,0
224,not (596).jpg,0
225,fire_ant (416).jpg,1
226,not (1405).jpg,0
227,not (628).jpg,0
228,fire_ant (138).jpg,1
229,not (215).JPG,0
230,not (983).jpg,0
231,not (120).jpg,0
232,not (109).jpg,0
233,not (515).jpg,0
234,not (136).jpg,0
235,not (472).jpg,0
236,fire_ant (164).jpg,1
237,not (206).JPG,0
238,fire_ant (182).jpg,1
239,not (676).jpg,0
240,not (1054).jpg,0
241,not (1412).jpg,0
242,fire_ant (248).jpg,1
243,not (1500).jpg,0
244,not (762).jpg,0
245,not (1109).jpg,0
246,fire_ant (512).jpg,1
247,not (793).jpg,0
248,not (350).JPG,0
249,not (922).jpg,0
250,not (123).jpg,0
251,not (821).jpg,0
252,arigumo (46).jpg,2
253,not (443).JPG,0
254,not (1496).jpg,0
255,not (717).jpg,0
256,not (1014).jpg,0
257,not (10).jpeg,0
258,not (930).jpg,0
259,not (1362).JPG,0
260,not (1163).jpg,0
261,not (51).jpeg,0
262,not (609).jpg,0
263,arigumo (91).jpg,2
264,fire_ant (105).jpg,1
265,fire_ant (10).jpg,1
266,fire_ant (365).jpg,1
267,not (1558).JPG,0
268,not (1293).jpg,0
269,not (1016).jpg,0
270,not (896).jpg,0
271,fire_ant (153).jpg,1
272,not (806).jpg,0
273,fire_ant (578).jpg,1
274,not (1748).jpg,0
275,not (1436).jpg,0
276,fire_ant (586).jpg,1
277,not (403).JPG,0
278,not (68).JPG,0
279,not (1759).jpg,0
280,fire_ant (165).jpg,1
281,fire_ant (657).jpg,1
282,not (421).JPG,0
283,not (1704).jpg,0
284,not (10).jpg,0
285,fire_ant (112).jpg,1
286,not (1574).JPG,0
287,not (1138).jpg,0
288,not (1423).jpg,0
289,not (82).jpeg,0
290,not (1447).jpg,0
291,arigumo (66).jpg,2
292,not (192).JPG,0
293,not (1636).JPG,0
294,not (876).jpg,0
295,fire_ant (547).jpg,1
296,not (1392).jpg,0
297,not (366).JPG,0
298,not (254).JPG,0
299,fire_ant (673).jpg,1
300,fire_ant (56).jpg,1
301,not (1280).jpg,0
302,fire_ant (524).jpg,1
303,not (354).JPG,0
304,fire_ant (200).jpg,1
305,not (816).jpg,0
306,not (1246).jpg,0
307,not (1520).JPG,0
308,not (414).JPG,0
309,not (166).jpg,0
310,not (1048).jpg,0
311,not (918).jpg,0
312,not (59).jpeg,0
313,not (1698).jpg,0
314,not (144).jpg,0
315,arigumo (20).jpg,2
316,not (914).jpg,0
317,not (14).jpeg,0
318,not (379).JPG,0
319,not (1134).jpg,0
320,not (322).JPG,0
321,not (723).jpg,0
322,fire_ant (454).jpg,1
323,not (28).jpg,0
324,fire_ant (506).jpg,1
325,fire_ant (489).jpg,1
326,fire_ant (550).jpg,1
327,fire_ant (449).jpg,1
328,fire_ant (235).jpg,1
329,not (1232).jpg,0
330,fire_ant (7).jpg,1
331,not (1494).jpg,0
332,fire_ant (631).jpg,1
333,fire_ant (458).jpg,1
334,not (1407).jpg,0
335,not (761).jpg,0
336,fire_ant (113).jpg,1
337,not (30).jpeg,0
338,fire_ant (473).jpg,1
339,not (321).JPG,0
340,fire_ant (104).jpg,1
341,fire_ant (16).jpg,1
342,fire_ant (176).jpg,1
343,not (536).jpg,0
344,not (1234).jpg,0
345,not (471).jpg,0
346,not (4).jpg,0
347,not (303).JPG,0
348,fire_ant (562).jpg,1
349,not (473).jpg,0
350,not (1557).JPG,0
351,fire_ant (444).jpg,1
352,fire_ant (551).jpg,1
353,not (1777).jpg,0
354,not (1413).jpg,0
355,not (491).jpg,0
356,not (1270).jpg,0
357,fire_ant (370).jpg,1
358,not (724).jpg,0
359,not (1693).jpg,0
360,not (854).jpg,0
361,not (1348).jpg,0
362,fire_ant (540).jpg,1
363,fire_ant (201).jpg,1
364,not (1456).jpg,0
365,not (1805).jpg,0
366,fire_ant (274).jpg,1
367,fire_ant (58).jpg,1
368,fire_ant (587).jpg,1
369,not (1378).jpg,0
370,not (11).jpg,0
371,not (575).jpg,0
372,not (1330).jpg,0
373,not (499).jpg,0
374,fire_ant (261).jpg,1
375,not (225).JPG,0
376,not (1528).JPG,0
377,not (525).jpg,0
378,not (539).jpg,0
379,not (77).JPG,0
380,not (855).jpg,0
381,not (1424).jpg,0
382,not (1655).jpg,0
383,fire_ant (264).jpg,1
384,not (1457).jpg,0
385,fire_ant (128).jpg,1
386,not (124).jpg,0
387,not (389).JPG,0
388,fire_ant (143).jpg,1
389,not (1149).jpg,0
390,fire_ant (131).jpg,1
391,not (1542).JPG,0
392,not (137).jpg,0
393,fire_ant (333).jpg,1
394,not (1033).jpg,0
395,not (800).jpg,0
396,not (1667).jpg,0
397,not (1050).jpg,0
398,not (1125).jpg,0
399,not (1157).jpg,0
400,fire_ant (54).jpg,1
401,fire_ant (226).jpg,1
402,not (493).jpg,0
403,fire_ant (43).jpg,1
404,not (892).jpg,0
405,fire_ant (708).jpg,1
406,fire_ant (577).jpg,1
407,arigumo (89).jpg,2
408,not (1745).jpg,0
409,not (670).jpg,0
410,not (67).JPG,0
411,not (57).jpeg,0
412,not (814).jpg,0
413,fire_ant (166).jpg,1
414,not (527).jpg,0
415,not (187).JPG,0
416,not (179).JPG,0
417,fire_ant (346).jpg,1
418,not (745).jpg,0
419,not (522).jpg,0
420,fire_ant (31).jpg,1
421,not (22).jpeg,0
422,fire_ant (471).jpg,1
423,not (1377).jpg,0
424,not (1020).jpg,0
425,not (259).JPG,0
426,not (1003).jpg,0
427,fire_ant (369).jpg,1
428,fire_ant (91).jpg,1
429,fire_ant (90).jpg,1
430,not (749).jpg,0
431,not (605).jpg,0
432,not (371).JPG,0
433,not (1718).jpg,0
434,not (300).JPG,0
435,not (1399).jpg,0
436,not (237).JPG,0
437,not (1222).jpg,0
438,not (1566).JPG,0
439,not (1216).jpg,0
440,not (46).jpeg,0
441,not (1000).jpg,0
442,not (1466).jpg,0
443,fire_ant (178).jpg,1
444,not (1228).jpg,0
445,not (1408).jpg,0
446,not (255).JPG,0
447,not (1404).jpg,0
448,fire_ant (151).jpg,1
449,not (288).JPG,0
450,not (1821).JPG,0
451,fire_ant (477).jpg,1
452,fire_ant (635).jpg,1
453,not (463).jpg,0
454,not (331).JPG,0
455,not (1790).jpg,0
456,not (1029).jpg,0
457,fire_ant (651).jpg,1
458,not (268).JPG,0
459,not (69).jpeg,0
460,not (1165).jpg,0
461,fire_ant (122).jpg,1
462,not (679).jpg,0
463,not (1269).jpg,0
464,fire_ant (126).jpg,1
465,not (1274).jpg,0
466,not (1411).jpg,0
467,not (662).jpg,0
468,not (516).jpg,0
469,not (965).jpg,0
470,not (1308).jpg,0
471,not (920).jpg,0
472,not (665).jpg,0
473,not (202).JPG,0
474,fire_ant (319).jpg,1
475,fire_ant (256).jpg,1
476,not (18).jpeg,0
477,not (1430).jpg,0
478,not (177).JPG,0
479,not (409).JPG,0
480,fire_ant (592).jpg,1
481,not (712).jpg,0
482,not (1471).jpg,0
483,not (309).JPG,0
484,not (736).jpg,0
485,not (586).jpg,0
486,fire_ant (453).jpg,1
487,not (893).jpg,0
488,not (25).jpeg,0
489,fire_ant (4).jpg,1
490,fire_ant (76).jpg,1
491,fire_ant (655).jpg,1
492,not (1563).JPG,0
493,not (905).jpg,0
494,not (87).jpg,0
495,not (178).JPG,0
496,arigumo (16).jpg,2
497,not (732).jpg,0
498,not (1126).jpg,0
499,not (384).JPG,0
500,fire_ant (515).jpg,1
501,fire_ant (571).jpg,1
502,not (108).jpg,0
503,fire_ant (644).jpg,1
504,not (241).JPG,0
505,not (1279).jpg,0
506,not (1652).jpg,0
507,not (641).jpg,0
508,not (38).jpg,0
509,not (1681).jpg,0
510,fire_ant (273).jpg,1
511,fire_ant (552).jpg,1
512,not (1761).jpg,0
513,not (1476).jpg,0
514,fire_ant (519).jpg,1
515,not (103).jpeg,0
516,not (979).jpg,0
517,not (372).JPG,0
518,not (118).jpg,0
519,not (1834).JPG,0
520,fire_ant (177).jpg,1
521,not (307).JPG,0
522,not (1848).JPG,0
523,not (847).jpg,0
524,not (1177).jpg,0
525,not (224).JPG,0
526,fire_ant (310).jpg,1
527,not (869).jpg,0
528,not (256).JPG,0
529,arigumo (72).jpg,2
530,fire_ant (192).jpg,1
531,not (1714).jpg,0
532,not (1432).jpg,0
533,not (921).jpg,0
534,not (1594).JPG,0
535,not (924).jpg,0
536,fire_ant (343).jpg,1
537,not (1589).JPG,0
538,not (1615).JPG,0
539,not (114).jpg,0
540,not (141).jpg,0
541,not (313).JPG,0
542,not (1658).jpg,0
543,not (809).jpg,0
544,not (846).jpg,0
545,arigumo (39).jpg,2
546,not (1564).JPG,0
547,fire_ant (324).jpg,1
548,not (19).jpg,0
549,fire_ant (243).jpg,1
550,not (1184).jpg,0
551,not (571).jpg,0
552,not (1120).jpg,0
553,not (1192).jpg,0
554,arigumo (76).jpg,2
555,not (234).JPG,0
556,not (1209).jpg,0
557,not (158).jpg,0
558,not (1410).jpg,0
559,not (1275).jpg,0
560,not (1212).jpg,0
561,not (173).JPG,0
562,not (220).JPG,0
563,not (1124).jpg,0
564,not (1827).JPG,0
565,not (972).jpg,0
566,not (1661).jpg,0
567,not (1366).jpg,0
568,fire_ant (593).jpg,1
569,not (1178).jpg,0
570,not (1406).jpg,0
571,not (939).jpg,0
572,not (959).jpg,0
573,fire_ant (650).jpg,1
574,not (1167).jpg,0
575,not (1).jpg,0
576,not (1593).JPG,0
577,not (1482).jpg,0
578,fire_ant (281).jpg,1
579,not (1794).jpg,0
580,not (35).jpeg,0
581,not (148).jpg,0
582,not (733).jpg,0
583,not (581).jpg,0
584,not (1800).jpg,0
585,fire_ant (335).jpg,1
586,not (748).jpg,0
587,fire_ant (435).jpg,1
588,fire_ant (223).jpg,1
589,not (50).jpeg,0
590,fire_ant (397).jpg,1
591,not (245).JPG,0
592,not (622).jpg,0
593,fire_ant (214).jpg,1
594,fire_ant (545).jpg,1
595,fire_ant (82).jpg,1
596,not (992).jpg,0
597,not (406).JPG,0
598,not (87).jpeg,0
599,not (1490).jpg,0
600,not (549).jpg,0
601,not (1847).JPG,0
602,not (1717).jpg,0
603,not (794).jpg,0
604,not (1802).jpg,0
605,not (1350).jpg,0
606,not (1666).jpg,0
607,fire_ant (676).jpg,1
608,not (1171).jpg,0
609,not (459).jpg,0
610,not (433).JPG,0
611,not (369).JPG,0
612,not (261).JPG,0
613,fire_ant (290).jpg,1
614,fire_ant (649).jpg,1
615,not (98).jpg,0
616,not (1596).JPG,0
617,not (1493).jpg,0
618,not (947).jpg,0
619,not (1217).jpg,0
620,not (808).jpg,0
621,not (1675).jpg,0
622,not (374).JPG,0
623,not (1030).jpg,0
624,not (878).jpg,0
625,not (990).jpg,0
626,fire_ant (510).jpg,1
627,not (802).jpg,0
628,arigumo (78).jpg,2
629,fire_ant (199).jpg,1
630,not (1195).jpg,0
631,not (1161).jpg,0
632,fire_ant (123).jpg,1
633,not (47).jpg,0
634,arigumo (70).jpg,2
635,not (1183).jpg,0
636,not (186).JPG,0
637,not (419).JPG,0
638,not (1631).JPG,0
639,not (1201).jpg,0
640,arigumo (9).jpg,2
641,not (1843).JPG,0
642,not (1707).jpg,0
643,not (1585).JPG,0
644,not (1055).jpg,0
645,fire_ant (681).jpg,1
646,not (1822).JPG,0
647,not (1122).jpg,0
648,not (989).jpg,0
649,arigumo (30).jpg,2
650,not (383).JPG,0
651,not (1199).jpg,0
652,not (1219).jpg,0
653,not (1689).jpg,0
654,not (783).jpg,0
655,not (427).JPG,0
656,not (722).jpg,0
657,not (1810).jpg,0
658,fire_ant (487).jpg,1
659,not (635).jpg,0
660,not (213).JPG,0
661,fire_ant (47).jpg,1
662,not (735).jpg,0
663,not (1331).jpg,0
664,not (1347).jpg,0
665,not (1230).jpg,0
666,not (341).JPG,0
667,not (1227).jpg,0
668,fire_ant (289).jpg,1
669,not (1267).jpg,0
670,not (1104).jpg,0
671,fire_ant (621).JPG,1
672,not (706).jpg,0
673,not (469).jpg,0
674,fire_ant (491).jpg,1
675,fire_ant (392).jpg,1
676,fire_ant (321).jpg,1
677,fire_ant (32).jpg,1
678,not (1064).jpg,0
679,fire_ant (169).jpg,1
680,not (603).jpg,0
681,not (27).jpeg,0
682,fire_ant (696).jpg,1
683,not (1315).jpg,0
684,not (756).jpg,0
685,not (653).jpg,0
686,not (1292).jpg,0
687,not (997).jpg,0
688,not (1664).jpg,0
689,fire_ant (638).jpg,1
690,not (97).jpg,0
691,not (795).jpg,0
692,not (1060).jpg,0
693,fire_ant (459).jpg,1
694,not (731).jpg,0
695,not (238).JPG,0
696,not (23).jpeg,0
697,not (1448).jpg,0
698,not (162).jpg,0
699,not (570).jpg,0
700,not (544).jpg,0
701,not (514).jpg,0
702,fire_ant (345).jpg,1
703,not (1327).jpg,0
704,not (1056).jpg,0
705,not (1291).jpg,0
706,not (438).JPG,0
707,fire_ant (59).jpg,1
708,not (1497).jpg,0
709,not (894).jpg,0
710,not (1001).jpg,0
711,not (1473).jpg,0
712,not (1716).jpg,0
713,not (1254).jpg,0
714,fire_ant (418).jpg,1
715,fire_ant (532).jpg,1
716,arigumo (58).jpg,2
717,not (1568).JPG,0
718,fire_ant (48).jpg,1
719,not (1740).jpg,0
720,not (319).JPG,0
721,not (1690).jpg,0
722,not (1164).jpg,0
723,not (702).jpg,0
724,fire_ant (326).jpg,1
725,not (811).jpg,0
726,not (1156).jpg,0
727,not (24).jpeg,0
728,not (1694).jpg,0
729,fire_ant (535).jpg,1
730,fire_ant (50).jpg,1
731,arigumo (88).jpg,2
732,fire_ant (633).jpg,1
733,fire_ant (314).jpg,1
734,not (1808).jpg,0
735,arigumo (15).jpg,2
736,not (1114).jpg,0
737,not (714).jpg,0
738,fire_ant (92).jpg,1
739,not (1701).jpg,0
740,not (631).jpg,0
741,not (1346).jpg,0
742,fire_ant (170).jpg,1
743,not (984).jpg,0
744,not (791).jpg,0
745,fire_ant (375).jpg,1
746,not (941).jpg,0
747,fire_ant (589).jpg,1
748,not (45).jpg,0
749,not (1361).JPG,0
750,not (1725).jpg,0
751,not (1426).jpg,0
752,not (564).jpg,0
753,not (1139).jpg,0
754,fire_ant (408).jpg,1
755,fire_ant (134).jpg,1
756,not (909).jpg,0
757,not (696).jpg,0
758,not (425).JPG,0
759,not (1687).jpg,0
760,not (1737).jpg,0
761,not (613).jpg,0
762,not (244).JPG,0
763,fire_ant (684).jpg,1
764,not (1612).JPG,0
765,not (1082).jpg,0
766,fire_ant (465).jpg,1
767,not (157).jpg,0
768,not (1089).jpg,0
769,not (195).JPG,0
770,not (1175).jpg,0
771,not (257).JPG,0
772,not (634).jpg,0
773,fire_ant (167).jpg,1
774,not (36).jpeg,0
775,not (51).jpg,0
776,not (1251).jpg,0
777,fire_ant (700).jpg,1
778,not (171).JPG,0
779,not (1434).jpg,0
780,not (1310).jpg,0
781,fire_ant (262).jpg,1
782,fire_ant (266).jpg,1
783,not (219).JPG,0
784,not (765).jpg,0
785,fire_ant (406).jpg,1
786,not (161).jpg,0
787,fire_ant (109).jpg,1
788,not (1334).jpg,0
789,not (790).jpg,0
790,fire_ant (38).jpg,1
791,not (1141).jpg,0
792,not (12).jpg,0
793,fire_ant (624).jpg,1
794,not (1592).JPG,0
795,fire_ant (384).jpg,1
796,not (127).jpg,0
797,not (1487).jpg,0
798,not (1779).jpg,0
799,not (743).jpg,0
800,not (72).jpeg,0
801,not (831).jpg,0
802,not (462).jpg,0
803,not (1782).jpg,0
804,not (1669).jpg,0
805,not (1387).jpg,0
806,not (572).jpg,0
807,not (204).JPG,0
808,fire_ant (49).jpg,1
809,not (276).JPG,0
810,not (1162).jpg,0
811,not (1545).JPG,0
812,not (742).jpg,0
813,not (1079).jpg,0
814,fire_ant (573).jpg,1
815,fire_ant (196).jpg,1
816,not (1572).JPG,0
817,not (1281).jpg,0
818,not (1431).jpg,0
819,not (445).JPG,0
820,not (1518).JPG,0
821,not (518).jpg,0
822,not (9).jpg,0
823,not (253).JPG,0
824,not (677).jpg,0
825,not (557).jpg,0
826,fire_ant (461).jpg,1
827,not (1208).jpg,0
828,not (1526).JPG,0
829,not (1143).jpg,0
830,arigumo (95).jpg,2
831,fire_ant (158).jpg,1
832,arigumo (37).jpg,2
833,not (1459).jpg,0
834,not (31).jpeg,0
835,fire_ant (239).jpg,1
836,not (1094).jpg,0
837,fire_ant (411).jpg,1
838,not (1624).JPG,0
839,not (968).jpg,0
840,not (1617).JPG,0
841,not (1107).jpg,0
842,fire_ant (437).jpg,1
843,not (642).jpg,0
844,not (1502).jpg,0
845,fire_ant (432).jpg,1
846,fire_ant (254).jpg,1
847,not (1098).jpg,0
848,not (129).jpg,0
849,not (164).jpg,0
850,not (1194).jpg,0
851,not (584).jpg,0
852,fire_ant (450).jpg,1
853,not (1325).jpg,0
854,not (1273).jpg,0
855,arigumo (63).jpg,2
856,fire_ant (106).jpg,1
857,not (770).jpg,0
858,not (1066).jpg,0
859,not (608).jpg,0
860,not (1715).jpg,0
861,not (883).jpg,0
862,not (1191).jpg,0
863,fire_ant (307).jpg,1
864,fire_ant (689).jpg,1
865,not (22).jpg,0
866,not (1579).JPG,0
867,not (769).jpg,0
868,not (512).jpg,0
869,not (868).jpg,0
870,not (1181).jpg,0
871,not (555).jpg,0
872,fire_ant (75).jpg,1
873,not (37).jpeg,0
874,fire_ant (323).jpg,1
875,not (36).jpg,0
876,fire_ant (173).jpg,1
877,not (428).JPG,0
878,not (960).jpg,0
879,fire_ant (259).jpg,1
880,not (190).JPG,0
881,not (998).jpg,0
882,fire_ant (628).JPG,1
883,fire_ant (686).jpg,1
884,not (1491).jpg,0
885,not (40).jpg,0
886,not (41).jpeg,0
887,not (1829).JPG,0
888,not (1179).jpg,0
889,not (99).jpeg,0
890,fire_ant (607).jpg,1
891,not (925).jpg,0
892,not (140).JPG,0
893,not (777).jpg,0
894,not (324).JPG,0
895,not (1582).JPG,0
896,not (776).jpg,0
897,not (54).jpeg,0
898,fire_ant (588).jpg,1
899,not (394).JPG,0
900,not (1113).jpg,0
901,not (236).JPG,0
902,not (1086).jpg,0
903,not (1452).jpg,0
904,not (1302).jpg,0
905,fire_ant (186).jpg,1
906,fire_ant (441).jpg,1
907,not (1379).jpg,0
908,fire_ant (294).jpg,1
909,not (1131).jpg,0
910,not (685).jpg,0
911,not (656).jpg,0
912,fire_ant (430).jpg,1
913,not (9).jpeg,0
914,fire_ant (94).jpg,1
915,fire_ant (622).jpg,1
916,not (660).jpg,0
917,not (987).jpg,0
918,not (375).JPG,0
919,not (889).jpg,0
920,not (587).jpg,0
921,not (1837).JPG,0
922,fire_ant (218).jpg,1
923,not (1824).JPG,0
924,not (227).JPG,0
925,fire_ant (168).jpg,1
926,not (1145).jpg,0
927,fire_ant (415).jpg,1
928,not (145).jpg,0
929,not (83).jpg,0
930,not (62).jpg,0
931,not (1186).jpg,0
932,not (1006).jpg,0
933,not (541).jpg,0
934,not (588).jpg,0
935,not (698).jpg,0
936,not (1051).jpg,0
937,fire_ant (359).jpg,1
938,not (1663).jpg,0
939,fire_ant (531).jpg,1
940,not (658).jpg,0
941,not (346).JPG,0
942,not (1058).jpg,0
943,fire_ant (292).jpg,1
944,not (26).jpg,0
945,not (1765).jpg,0
946,fire_ant (520).jpg,1
947,fire_ant (474).jpg,1
948,not (221).JPG,0
949,fire_ant (115).jpg,1
950,fire_ant (142).jpg,1
951,not (747).jpg,0
952,not (365).JPG,0
953,not (1505).jpg,0
954,fire_ant (627).jpg,1
955,not (97).jpeg,0
956,not (90).jpg,0
957,not (1550).JPG,0
958,not (890).jpg,0
959,not (488).jpg,0
960,not (1635).JPG,0
961,not (1382).jpg,0
962,not (387).JPG,0
963,fire_ant (564).jpg,1
964,arigumo (92).jpg,2
965,not (982).jpg,0
966,not (1630).JPG,0
967,not (817).jpg,0
968,not (1607).JPG,0
969,not (28).jpeg,0
970,not (923).jpg,0
971,not (477).jpg,0
972,fire_ant (687).jpg,1
973,not (813).jpg,0
974,fire_ant (27).jpg,1
975,not (34).jpeg,0
976,not (1074).jpg,0
977,not (1763).jpg,0
978,not (755).jpg,0
979,not (418).JPG,0
980,fire_ant (237).jpg,1
981,fire_ant (253).jpg,1
982,not (175).JPG,0
983,fire_ant (674).jpg,1
984,fire_ant (144).jpg,1
985,not (460).jpg,0
986,fire_ant (705).jpg,1
987,not (250).JPG,0
988,not (95).jpg,0
989,not (848).jpg,0
990,not (986).jpg,0
991,not (233).JPG,0
992,arigumo (79).jpg,2
993,fire_ant (583).jpg,1
994,not (293).JPG,0
995,arigumo (67).jpg,2
996,fire_ant (303).jpg,1
997,not (753).jpg,0
998,not (1133).jpg,0
999,fire_ant (601).jpg,1
1000,not (444).JPG,0
1001,not (149).jpg,0
1002,not (1438).jpg,0
1003,not (133).jpg,0
1004,fire_ant (306).jpg,1
1005,fire_ant (469).jpg,1
1006,not (804).jpg,0
1007,fire_ant (4).png,1
1008,arigumo (90).jpg,2
1009,not (64).jpeg,0
1010,not (1626).JPG,0
1011,not (410).JPG,0
1012,fire_ant (189).jpg,1
1013,fire_ant (152).jpg,1
1014,not (12).jpeg,0
1015,not (14).jpg,0
1016,not (1063).jpg,0
1017,not (535).jpg,0
1018,fire_ant (74).jpg,1
1019,not (1189).jpg,0
1020,not (1250).jpg,0
1021,not (1818).JPG,0
1022,not (1009).jpg,0
1023,not (565).jpg,0
1024,not (752).jpg,0
1025,not (851).jpg,0
1026,not (492).jpg,0
1027,fire_ant (352).jpg,1
1028,not (1637).JPG,0
1029,not (1218).jpg,0
1030,fire_ant (9).jpg,1
1031,not (1472).jpg,0
1032,not (1435).jpg,0
1033,arigumo (75).jpg,2
1034,not (434).JPG,0
1035,not (623).jpg,0
1036,not (1510).jpg,0
1037,fire_ant (366).jpg,1
1038,not (629).jpg,0
1039,not (53).jpg,0
1040,fire_ant (13).jpg,1
1041,fire_ant (125).jpg,1
1042,not (1101).jpg,0
1043,not (1364).JPG,0
1044,not (1396).jpg,0
1045,not (1812).jpg,0
1046,not (885).jpg,0
1047,not (43).jpg,0
1048,fire_ant (190).jpg,1
1049,not (590).jpg,0
1050,not (1282).jpg,0
1051,not (168).jpg,0
1052,not (593).jpg,0
1053,not (916).jpg,0
1054,fire_ant (139).jpg,1
1055,not (239).JPG,0
1056,not (1640).JPG,0
1057,not (30).jpg,0
1058,not (1609).JPG,0
1059,fire_ant (298).jpg,1
1060,not (887).jpg,0
1061,fire_ant (559).jpg,1
1062,not (524).jpg,0
1063,fire_ant (103).jpg,1
1064,fire_ant (37).jpg,1
1065,not (52).jpeg,0
1066,not (1672).jpg,0
1067,fire_ant (241).jpg,1
1068,fire_ant (442).jpg,1
1069,not (963).jpg,0
1070,not (852).jpg,0
1071,not (729).jpg,0
1072,not (1602).JPG,0
1073,not (15).jpg,0
1074,not (538).jpg,0
1075,not (1205).jpg,0
1076,not (1380).jpg,0
1077,not (511).jpg,0
1078,not (1322).jpg,0
1079,fire_ant (52).jpg,1
1080,fire_ant (549).jpg,1
1081,not (797).jpg,0
1082,not (1543).JPG,0
1083,not (134).jpg,0
1084,not (115).jpg,0
1085,not (1734).jpg,0
1086,not (1235).jpg,0
1087,not (663).jpg,0
1088,not (1756).jpg,0
1089,not (666).jpg,0
1090,not (47).jpeg,0
1091,fire_ant (283).jpg,1
1092,not (726).jpg,0
1093,not (170).jpg,0
1094,arigumo (51).jpg,2
1095,fire_ant (280).jpg,1
1096,fire_ant (57).jpg,1
1097,not (378).JPG,0
1098,not (1352).jpg,0
1099,not (534).jpg,0
1100,not (1726).jpg,0
1101,not (1549).JPG,0
1102,not (263).JPG,0
1103,fire_ant (53).JPG,1
1104,not (1638).JPG,0
1105,not (582).jpg,0
1106,not (92).jpg,0
1107,not (138).JPG,0
1108,not (1028).jpg,0
1109,fire_ant (452).jpg,1
1110,fire_ant (509).jpg,1
1111,not (1373).jpg,0
1112,not (1065).jpg,0
1113,fire_ant (117).jpg,1
1114,not (1261).jpg,0
1115,fire_ant (288).jpg,1
1116,not (399).JPG,0
1117,not (562).jpg,0
1118,fire_ant (308).jpg,1
1119,fire_ant (85).jpg,1
1120,not (1747).jpg,0
1121,not (1762).jpg,0
1122,fire_ant (28).jpg,1
1123,not (1419).jpg,0
1124,not (1551).JPG,0
1125,not (1004).jpg,0
1126,not (956).jpg,0
1127,not (1084).jpg,0
1128,fire_ant (377).jpg,1
1129,not (1513).jpg,0
1130,not (1381).jpg,0
1131,fire_ant (6).jpg,1
1132,not (1317).jpg,0
1133,not (1445).jpg,0
1134,not (392).JPG,0
1135,not (107).jpg,0
1136,not (89).jpeg,0
1137,not (357).JPG,0
1138,fire_ant (120).jpg,1
1139,not (1087).jpg,0
1140,not (837).jpg,0
1141,fire_ant (664).jpg,1
1142,not (5).jpeg,0
1143,not (1259).jpg,0
1144,not (1845).JPG,0
1145,not (412).JPG,0
1146,fire_ant (677).jpg,1
1147,not (1311).jpg,0
1148,fire_ant (15).jpg,1
1149,fire_ant (427).jpg,1
1150,not (1197).jpg,0
1151,fire_ant (271).jpg,1
1152,not (773).jpg,0
1153,not (1360).JPG,0
1154,not (1656).jpg,0
1155,arigumo (54).jpg,2
1156,not (1641).JPG,0
1157,fire_ant (599).jpg,1
1158,not (1619).JPG,0
1159,fire_ant (409).jpg,1
1160,fire_ant (244).jpg,1
1161,not (362).JPG,0
1162,arigumo (36).jpg,2
1163,fire_ant (81).jpg,1
1164,not (1213).jpg,0
1165,not (1467).jpg,0
1166,not (1620).JPG,0
1167,not (20).jpg,0
1168,not (1150).jpg,0
1169,fire_ant (5).png,1
1170,not (695).jpg,0
1171,not (645).jpg,0
1172,fire_ant (46).jpg,1
1173,not (1355).jpg,0
1174,not (888).jpg,0
1175,not (1290).jpg,0
1176,not (1816).JPG,0
1177,arigumo (44).jpg,2
1178,not (1548).JPG,0
1179,not (540).jpg,0
1180,not (1537).JPG,0
1181,fire_ant (304).jpg,1
1182,not (1154).jpg,0
1183,not (68).jpeg,0
1184,not (913).jpg,0
1185,not (420).JPG,0
1186,not (680).jpg,0
1187,fire_ant (386).jpg,1
1188,fire_ant (530).jpg,1
1189,arigumo (87).jpg,2
1190,fire_ant (358).jpg,1
1191,fire_ant (63).jpg,1
1192,not (763).jpg,0
1193,not (1130).jpg,0
1194,not (77).jpeg,0
1195,not (217).JPG,0
1196,not (480).jpg,0
1197,not (1225).jpg,0
1198,not (416).JPG,0
1199,fire_ant (150).jpg,1
1200,not (1389).jpg,0
1201,not (1329).jpg,0
1202,fire_ant (78).jpg,1
1203,not (1462).jpg,0
1204,not (832).jpg,0
1205,not (1428).jpg,0
1206,not (1670).jpg,0
1207,fire_ant (141).jpg,1
1208,not (328).JPG,0
1209,fire_ant (576).jpg,1
1210,fire_ant (499).jpg,1
1211,not (966).jpg,0
1212,not (958).jpg,0
1213,not (269).JPG,0
1214,not (715).jpg,0
1215,not (497).jpg,0
1216,not (1075).jpg,0
1217,not (1479).jpg,0
1218,arigumo (64).jpg,2
1219,not (1049).jpg,0
1220,not (320).JPG,0
1221,not (353).JPG,0
1222,not (1019).jpg,0
1223,not (1215).jpg,0
1224,fire_ant (691).jpg,1
1225,not (249).JPG,0
1226,fire_ant (1).png,1
1227,not (901).jpg,0
1228,fire_ant (98).jpg,1
1229,not (1680).jpg,0
1230,fire_ant (36).jpg,1
1231,not (1096).jpg,0
1232,fire_ant (41).jpg,1
1233,fire_ant (412).jpg,1
1234,not (1187).jpg,0
1235,not (1026).jpg,0
1236,not (1305).jpg,0
1237,not (671).jpg,0
1238,not (1117).jpg,0
1239,not (476).jpg,0
1240,arigumo (35).jpg,2
1241,not (1708).jpg,0
1242,not (754).jpg,0
1243,not (65).jpeg,0
1244,not (1388).jpg,0
1245,not (272).JPG,0
1246,not (1587).JPG,0
1247,arigumo (33).jpg,2
1248,fire_ant (312).jpg,1
1249,fire_ant (439).jpg,1
1250,not (1492).jpg,0
1251,not (1385).jpg,0
1252,fire_ant (301).jpg,1
1253,fire_ant (17).jpg,1
1254,not (1129).jpg,0
1255,fire_ant (320).jpg,1
1256,not (599).jpg,0
1257,not (1774).jpg,0
1258,not (1622).JPG,0
1259,fire_ant (305).jpg,1
1260,not (1260).jpg,0
1261,not (21).jpeg,0
1262,not (772).jpg,0
1263,not (636).jpg,0
1264,fire_ant (11).jpg,1
1265,not (1202).jpg,0
1266,fire_ant (701).jpg,1
1267,fire_ant (130).jpg,1
1268,not (1265).jpg,0
1269,not (779).jpg,0
1270,not (691).jpg,0
1271,not (20).jpeg,0
1272,fire_ant (521).jpg,1
1273,not (310).JPG,0
1274,not (347).JPG,0
1275,not (88).jpeg,0
1276,fire_ant (680).jpg,1
1277,not (978).jpg,0
1278,not (845).jpg,0
1279,not (1284).jpg,0
1280,not (1614).JPG,0
1281,not (264).JPG,0
1282,not (1023).jpg,0
1283,not (560).jpg,0
1284,not (553).jpg,0
1285,not (675).jpg,0
1286,fire_ant (426).jpg,1
1287,fire_ant (385).jpg,1
1288,fire_ant (268).jpg,1
1289,not (684).jpg,0
1290,fire_ant (543).jpg,1
1291,not (1148).jpg,0
1292,fire_ant (658).jpg,1
1293,not (490).jpg,0
1294,arigumo (26).jpg,2
1295,fire_ant (26).jpg,1
1296,not (688).jpg,0
1297,not (230).JPG,0
1298,not (1136).jpg,0
1299,not (782).jpg,0
1300,fire_ant (501).jpg,1
1301,not (367).JPG,0
1302,fire_ant (364).jpg,1
1303,not (1682).jpg,0
1304,not (630).jpg,0
1305,not (333).JPG,0
1306,not (1398).jpg,0
1307,not (1712).jpg,0
1308,not (713).jpg,0
1309,not (1027).jpg,0
1310,not (741).jpg,0
1311,not (711).jpg,0
1312,not (1547).JPG,0
1313,not (50).jpg,0
1314,not (1039).jpg,0
1315,fire_ant (516).jpg,1
1316,not (611).jpg,0
1317,not (13).jpg,0
1318,not (483).jpg,0
1319,not (1789).jpg,0
1320,not (1836).JPG,0
1321,not (48).jpeg,0
1322,not (1499).jpg,0
1323,not (1073).jpg,0
1324,fire_ant (527).jpg,1
1325,not (240).JPG,0
1326,not (1099).jpg,0
1327,fire_ant (161).jpg,1
1328,not (1198).jpg,0
1329,not (318).JPG,0
1330,fire_ant (374).jpg,1
1331,not (931).jpg,0
1332,not (457).JPG,0
1333,not (1841).JPG,0
1334,not (595).jpg,0
1335,not (1815).JPG,0
1336,fire_ant (660).jpg,1
1337,not (1102).jpg,0
1338,not (228).JPG,0
1339,not (181).JPG,0
1340,not (911).jpg,0
1341,fire_ant (438).jpg,1
1342,not (270).JPG,0
1343,not (530).jpg,0
1344,not (637).jpg,0
1345,fire_ant (529).jpg,1
1346,not (393).JPG,0
1347,fire_ant (230).jpg,1
1348,not (618).jpg,0
1349,not (1070).jpg,0
1350,not (579).jpg,0
1351,fire_ant (159).jpg,1
1352,not (619).jpg,0
1353,fire_ant (455).jpg,1
1354,not (870).jpg,0
1355,not (1684).jpg,0
1356,fire_ant (433).jpg,1
1357,fire_ant (356).jpg,1
1358,not (558).jpg,0
1359,not (1498).jpg,0
1360,not (1021).jpg,0
1361,not (589).jpg,0
1362,not (1318).jpg,0
1363,fire_ant (508).jpg,1
1364,not (45).jpeg,0
1365,arigumo (45).jpg,2
1366,not (456).JPG,0
1367,not (1474).jpg,0
1368,not (1575).JPG,0
1369,fire_ant (632).jpg,1
1370,fire_ant (614).jpg,1
1371,not (1240).jpg,0
1372,not (585).jpg,0
1373,fire_ant (502).jpg,1
1374,not (450).JPG,0
1375,not (1391).jpg,0
1376,not (614).jpg,0
1377,not (1806).jpg,0
1378,fire_ant (211).jpg,1
1379,not (116).jpg,0
1380,not (915).jpg,0
1381,not (547).jpg,0
1382,fire_ant (445).jpg,1
1383,not (415).JPG,0
1384,not (934).jpg,0
1385,fire_ant (87).jpg,1
1386,fire_ant (498).jpg,1
1387,fire_ant (322).jpg,1
1388,not (1371).jpg,0
1389,fire_ant (80).jpg,1
1390,not (1647).JPG,0
1391,not (363).JPG,0
1392,arigumo (21).jpg,2
1393,not (21).jpg,0
1394,not (55).jpeg,0
1395,not (686).jpg,0
1396,fire_ant (472).jpg,1
1397,not (1831).JPG,0
1398,fire_ant (695).jpg,1
1399,fire_ant (566).jpg,1
1400,fire_ant (194).jpg,1
1401,fire_ant (284).jpg,1
1402,fire_ant (354).jpg,1
1403,not (1489).jpg,0
1404,not (424).JPG,0
1405,arigumo (25).jpg,2
1406,not (75).jpeg,0
1407,not (719).jpg,0
1408,fire_ant (355).jpg,1
1409,not (1555).JPG,0
1410,not (554).jpg,0
1411,not (774).jpg,0
1412,fire_ant (688).jpg,1
1413,not (1115).jpg,0
1414,fire_ant (488).jpg,1
1415,not (1343).jpg,0
1416,fire_ant (349).jpg,1
1417,fire_ant (88).jpg,1
1418,not (1449).jpg,0
1419,not (1320).jpg,0
1420,not (446).JPG,0
1421,not (1651).jpg,0
1422,not (943).jpg,0
1423,not (1569).JPG,0
1424,not (664).jpg,0
1425,fire_ant (228).jpg,1
1426,not (1517).JPG,0
1427,not (835).jpg,0
1428,not (397).JPG,0
1429,not (312).JPG,0
1430,not (1632).JPG,0
1431,not (1369).jpg,0
1432,not (995).jpg,0
1433,not (551).jpg,0
1434,not (1825).JPG,0
1435,fire_ant (279).jpg,1
1436,not (1814).JPG,0
1437,fire_ant (703).jpg,1
1438,not (100).jpeg,0
1439,arigumo (60).jpg,2
1440,not (165).jpg,0
1441,fire_ant (148).jpg,1
1442,not (1349).jpg,0
1443,not (59).jpg,0
1444,fire_ant (642).jpg,1
1445,fire_ant (149).jpg,1
1446,not (834).jpg,0
1447,not (1659).jpg,0
1448,not (231).JPG,0
1449,fire_ant (707).jpg,1
1450,not (42).jpeg,0
1451,not (1588).JPG,0
1452,fire_ant (8).jpg,1
1453,not (833).jpg,0
1454,not (64).jpg,0
1455,fire_ant (563).jpg,1
1456,not (58).jpeg,0
1457,not (119).jpg,0
1458,not (85).jpeg,0
1459,not (1657).jpg,0
1460,not (882).jpg,0
1461,not (1519).JPG,0
1462,fire_ant (482).jpg,1
1463,not (718).jpg,0
1464,fire_ant (625).jpg,1
1465,not (1170).jpg,0
1466,fire_ant (683).jpg,1
1467,not (99).jpg,0
1468,fire_ant (398).jpg,1
1469,fire_ant (285).jpg,1
1470,not (35).jpg,0
1471,not (746).jpg,0
1472,fire_ant (626).jpg,1
1473,not (673).jpg,0
1474,not (1721).jpg,0
1475,fire_ant (311).jpg,1
1476,not (974).jpg,0
1477,fire_ant (147).jpg,1
1478,fire_ant (434).jpg,1
1479,not (100).jpg,0
1480,not (1097).jpg,0
1481,fire_ant (470).jpg,1
1482,not (52).jpg,0
1483,fire_ant (596).jpg,1
1484,not (308).JPG,0
1485,not (1696).jpg,0
1486,not (672).jpg,0
1487,fire_ant (277).jpg,1
1488,fire_ant (440).jpg,1
1489,not (1193).jpg,0
1490,not (135).jpg,0
1491,fire_ant (327).jpg,1
1492,not (1703).jpg,0
1493,not (343).JPG,0
1494,fire_ant (238).jpg,1
1495,fire_ant (591).jpg,1
1496,not (1062).jpg,0
1497,not (329).JPG,0
1498,fire_ant (157).jpg,1
1499,not (167).jpg,0
1500,not (532).jpg,0
1501,not (94).jpeg,0
1502,not (1296).jpg,0
1503,fire_ant (217).jpg,1
1504,not (501).jpg,0
1505,fire_ant (145).jpg,1
1506,not (361).JPG,0
1507,not (1621).JPG,0
1508,not (352).JPG,0
1509,not (1784).jpg,0
1510,not (398).JPG,0
1511,not (1336).jpg,0
1512,not (281).JPG,0
1513,not (1394).jpg,0
1514,fire_ant (387).jpg,1
1515,fire_ant (597).jpg,1
1516,not (1773).jpg,0
1517,not (678).jpg,0
1518,not (191).JPG,0
1519,arigumo (69).jpg,2
1520,not (784).jpg,0
1521,fire_ant (325).jpg,1
1522,not (607).jpg,0
1523,not (1288).jpg,0
1524,fire_ant (225).jpg,1
1525,fire_ant (572).jpg,1
1526,fire_ant (557).jpg,1
1527,fire_ant (146).jpg,1
1528,not (1546).JPG,0
1529,not (289).JPG,0
1530,not (1483).jpg,0
1531,not (1781).jpg,0
1532,fire_ant (79).jpg,1
1533,not (1043).jpg,0
1534,not (1333).jpg,0
1535,not (1031).jpg,0
1536,fire_ant (602).jpg,1
1537,fire_ant (338).jpg,1
1538,fire_ant (670).jpg,1
1539,not (262).JPG,0
1540,not (1044).jpg,0
1541,not (44).jpeg,0
1542,not (668).jpg,0
1543,not (1135).jpg,0
1544,fire_ant (594).jpg,1
1545,not (625).jpg,0
1546,fire_ant (55).jpg,1
1547,fire_ant (511).jpg,1
1548,arigumo (12).jpg,2
1549,fire_ant (623).jpg,1
1550,not (877).jpg,0
1551,fire_ant (129).jpg,1
1552,not (429).JPG,0
1553,not (453).JPG,0
1554,not (1755).jpg,0
1555,not (1527).JPG,0
1556,not (944).jpg,0
1557,not (286).JPG,0
1558,not (1826).JPG,0
1559,not (1766).jpg,0
1560,not (1002).jpg,0
1561,not (93).jpeg,0
1562,fire_ant (348).jpg,1
1563,not (996).jpg,0
1564,not (710).jpg,0
1565,not (470).jpg,0
1566,not (422).JPG,0
1567,not (430).JPG,0
1568,fire_ant (2).jpg,1
1569,not (559).jpg,0
1570,not (1344).jpg,0
1571,not (836).jpg,0
1572,not (624).jpg,0
1573,not (805).jpg,0
1574,fire_ant (210).jpg,1
1575,not (1354).jpg,0
1576,fire_ant (569).jpg,1
1577,not (860).jpg,0
1578,not (1085).jpg,0
1579,not (56).jpg,0
1580,not (1770).jpg,0
1581,not (1668).jpg,0
1582,not (437).JPG,0
1583,fire_ant (554).jpg,1
1584,fire_ant (620).jpg,1
1585,not (1015).jpg,0
1586,fire_ant (317).jpg,1
1587,fire_ant (419).jpg,1
1588,not (152).jpg,0
1589,fire_ant (431).jpg,1
1590,not (591).jpg,0
1591,not (16).jpeg,0
1592,not (411).JPG,0
1593,not (494).jpg,0
1594,not (1521).JPG,0
1595,not (1540).JPG,0
1596,not (339).JPG,0
1597,not (994).jpg,0
1598,not (1833).JPG,0
1599,fire_ant (533).jpg,1
1600,not (1231).jpg,0
1601,not (1121).jpg,0
1602,not (1733).jpg,0
1603,arigumo (86).jpg,2
1604,fire_ant (610).jpg,1
1605,fire_ant (402).jpg,1
1606,fire_ant (191).jpg,1
1607,fire_ant (468).jpg,1
1608,not (455).JPG,0
1609,not (212).JPG,0
1610,fire_ant (421).jpg,1
1611,not (1100).jpg,0
1612,not (62).jpeg,0
1613,not (1409).jpg,0
1614,not (929).jpg,0
1615,fire_ant (654).jpg,1
1616,fire_ant (605).jpg,1
1617,not (1799).jpg,0
1618,fire_ant (242).jpg,1
1619,not (1522).JPG,0
1620,fire_ant (429).jpg,1
1621,not (1679).jpg,0
1622,not (189).JPG,0
1623,not (1110).jpg,0
1624,not (734).jpg,0
1625,not (1509).jpg,0
1626,not (432).JPG,0
1627,not (1567).JPG,0
1628,fire_ant (124).jpg,1
1629,not (1484).jpg,0
1630,not (863).jpg,0
1631,not (1536).JPG,0
1632,fire_ant (260).jpg,1
1633,fire_ant (539).jpg,1
1634,not (667).jpg,0
1635,fire_ant (297).jpg,1
1636,not (757).jpg,0
1637,fire_ant (18).jpg,1
1638,fire_ant (287).jpg,1
1639,not (1458).jpg,0
1640,fire_ant (537).jpg,1
1641,not (40).jpeg,0
1642,fire_ant (163).jpg,1
1643,not (1556).JPG,0
1644,not (505).jpg,0
1645,not (546).jpg,0
1646,not (81).jpg,0
1647,not (76).jpg,0
1648,fire_ant (208).jpg,1
1649,not (853).jpg,0
1650,not (861).jpg,0
1651,not (1634).JPG,0
1652,fire_ant (436).jpg,1
1653,not (94).jpg,0
1654,not (598).jpg,0
1655,fire_ant (334).jpg,1
1656,fire_ant (97).jpg,1
1657,not (1220).jpg,0
1658,not (1649).JPG,0
1659,not (739).jpg,0
1660,not (771).jpg,0
1661,fire_ant (693).jpg,1
1662,not (895).jpg,0
1663,not (932).jpg,0
1664,not (207).JPG,0
1665,fire_ant (447).jpg,1
1666,not (1577).JPG,0
1667,not (1132).jpg,0
1668,not (382).JPG,0
1669,not (203).JPG,0
1670,not (952).jpg,0
1671,not (102).jpg,0
1672,not (980).jpg,0
1673,not (1554).JPG,0
1674,not (1236).jpg,0
1675,fire_ant (372).jpg,1
1676,not (66).jpeg,0
1677,fire_ant (232).jpg,1
1678,arigumo (50).jpg,2
1679,not (78).jpg,0
1680,not (1041).jpg,0
1681,not (1618).JPG,0
1682,not (78).jpeg,0
1683,not (864).jpg,0
1684,not (80).jpg,0
1685,not (1580).JPG,0
1686,arigumo (28).jpg,2
1687,fire_ant (19).jpg,1
1688,fire_ant (669).jpg,1
1689,fire_ant (615).jpg,1
1690,fire_ant (544).jpg,1
1691,not (295).JPG,0
1692,fire_ant (286).jpg,1
1693,not (1037).jpg,0
1694,not (402).JPG,0
1695,not (1353).jpg,0
1696,not (981).jpg,0
1697,fire_ant (188).jpg,1
1698,not (279).JPG,0
1699,not (7).jpeg,0
1700,not (683).jpg,0
1701,not (169).jpg,0
1702,not (1738).jpg,0
1703,fire_ant (475).jpg,1
1704,not (1677).jpg,0
1705,not (674).jpg,0
1706,not (223).JPG,0
1707,not (465).jpg,0
1708,not (1091).jpg,0
1709,not (561).jpg,0
1710,not (83).jpeg,0
1711,arigumo (31).jpg,2
1712,fire_ant (249).jpg,1
1713,fire_ant (560).jpg,1
1714,fire_ant (456).jpg,1
1715,not (1743).jpg,0
1716,not (1321).jpg,0
1717,arigumo (19).jpg,2
1718,fire_ant (600).jpg,1
1719,fire_ant (567).jpg,1
1720,not (33).jpeg,0
1721,not (1803).jpg,0
1722,fire_ant (293).jpg,1
1723,not (654).jpg,0
1724,not (1018).jpg,0
1725,not (926).jpg,0
1726,not (1516).jpg,0
1727,not (1152).jpg,0
1728,not (716).jpg,0
1729,not (1287).jpg,0
1730,not (1146).jpg,0
1731,not (103).jpg,0
1732,not (1600).JPG,0
1733,not (1313).jpg,0
1734,not (1760).jpg,0
1735,not (180).JPG,0
1736,not (1415).jpg,0
1737,not (101).jpg,0
1738,not (301).JPG,0
1739,arigumo (74).jpg,2
1740,not (850).jpg,0
1741,not (900).jpg,0
1742,arigumo (57).jpg,2
1743,not (128).jpg,0
1744,not (643).jpg,0
1745,not (1337).jpg,0
1746,fire_ant (706).jpg,1
1747,not (1351).jpg,0
1748,fire_ant (525).jpg,1
1749,fire_ant (229).jpg,1
1750,not (1022).jpg,0
1751,not (867).jpg,0
1752,not (199).JPG,0
1753,fire_ant (668).jpg,1
1754,not (482).jpg,0
1755,not (744).jpg,0
1756,fire_ant(710).jpg,1
1757,not (271).JPG,0
1758,not (1307).jpg,0
1759,not (287).JPG,0
1760,not (337).JPG,0
1761,fire_ant (357).jpg,1
1762,fire_ant (395).jpg,1
1763,arigumo (42).jpg,2
1764,not (273).JPG,0
1765,not (1245).jpg,0
1766,fire_ant (481).jpg,1
1767,fire_ant (616).jpg,1
1768,not (449).JPG,0
1769,not (345).JPG,0
1770,not (342).JPG,0
1771,not (1813).jpg,0
1772,not (8).jpg,0
1773,fire_ant (483).jpg,1
1774,not (24).jpg,0
1775,not (612).jpg,0
1776,not (1384).jpg,0
1777,not (906).jpg,0
1778,arigumo (27).jpg,2
1779,not (1067).jpg,0
1780,fire_ant (396).jpg,1
1781,not (1753).jpg,0
1782,fire_ant (647).jpg,1
1783,not (84).jpg,0
1784,fire_ant (252).jpg,1
1785,not (1190).jpg,0
1786,not (1514).jpg,0
1787,not (1174).jpg,0
1788,not (633).jpg,0
1789,not (815).jpg,0
1790,not (1645).JPG,0
1791,not (819).jpg,0
1792,not (1828).JPG,0
1793,not (1137).jpg,0
1794,not (332).JPG,0
1795,fire_ant (51).jpg,1
1796,not (1173).jpg,0
1797,not (692).jpg,0
1798,not (440).JPG,0
1799,not (509).jpg,0
1800,not (919).jpg,0
1801,not (1785).jpg,0
1802,fire_ant (156).jpg,1
1803,fire_ant (694).jpg,1
1804,not (266).JPG,0
1805,fire_ant (368).jpg,1
1806,not (531).jpg,0
1807,not (1081).jpg,0
1808,not (513).jpg,0
1809,not (1642).JPG,0
1810,fire_ant (24).jpg,1
1811,not (125).jpg,0
1812,not (54).jpg,0
1813,fire_ant (648).jpg,1
1814,fire_ant (207).jpg,1
1815,fire_ant (606).jpg,1
1816,not (1182).jpg,0
1817,fire_ant (414).jpg,1
1818,not (1422).jpg,0
1819,not (1771).jpg,0
1820,not (7).jpg,0
1821,fire_ant (2).png,1
1822,not (1147).jpg,0
1823,not (1176).jpg,0
1824,not (1345).jpg,0
1825,not (91).jpeg,0
1826,not (1276).jpg,0
1827,fire_ant (555).jpg,1
1828,fire_ant (382).jpg,1
1829,not (242).JPG,0
1830,fire_ant (391).jpg,1
1831,not (1257).jpg,0
1832,not (1724).jpg,0
1833,fire_ant (183).jpg,1
1834,not (697).jpg,0
1835,not (1417).jpg,0
1836,fire_ant (617).jpg,1
1837,not (1515).jpg,0
1838,not (15).jpeg,0
1839,fire_ant (575).jpg,1
1840,not (1820).JPG,0
1841,fire_ant (630).jpg,1
1842,fire_ant (536).jpg,1
1843,fire_ant (269).jpg,1
1844,not (1095).jpg,0
1845,not (451).JPG,0
1846,fire_ant (513).jpg,1
1847,not (1155).jpg,0
1848,not (594).jpg,0
1849,not (1720).jpg,0
1850,not (39).jpeg,0
1851,not (368).JPG,0
1852,fire_ant (584).jpg,1
1853,not (1597).JPG,0
1854,fire_ant (30).jpg,1
1855,not (56).jpeg,0
1856,fire_ant (698).jpg,1
1857,fire_ant (675).jpg,1
1858,not (391).JPG,0
1859,not (604).jpg,0
1860,arigumo (13).jpg,2
1861,fire_ant (107).jpg,1
1862,fire_ant (67).jpg,1
1863,not (160).jpg,0
1864,fire_ant (236).jpg,1
1865,not (644).jpg,0
1866,not (235).JPG,0
1867,fire_ant (205).jpg,1
1868,fire_ant (420).jpg,1
1869,fire_ant (665).jpg,1
1870,fire_ant (202).jpg,1
1871,fire_ant (699).jpg,1
1872,not (563).jpg,0
1873,not (1751).jpg,0
1874,fire_ant (553).jpg,1
1875,not (23).jpg,0
1876,not (71).jpeg,0
1877,fire_ant (33).jpg,1
1878,fire_ant (206).jpg,1
1879,fire_ant (101).jpg,1
1880,not (306).JPG,0
1881,not (1397).jpg,0
1882,fire_ant (102).jpg,1
1883,not (1128).jpg,0
1884,not (1450).jpg,0
1885,not (5).jpg,0
1886,not (1674).jpg,0
1887,not (646).jpg,0
1888,fire_ant (500).jpg,1
1889,fire_ant (448).jpg,1
1890,not (1038).jpg,0
1891,not (810).jpg,0
1892,not (1414).jpg,0
1893,not (1839).JPG,0
1894,not (222).JPG,0
1895,not (1524).JPG,0
1896,not (1562).JPG,0
1897,not (395).JPG,0
1898,not (910).jpg,0
1899,not (1653).jpg,0
1900,not (197).JPG,0
1901,not (258).JPG,0
1902,not (447).JPG,0
1903,not (156).jpg,0
1904,fire_ant (5).jpg,1
1905,not (351).JPG,0
1906,fire_ant (493).jpg,1
1907,fire_ant (220).jpg,1
1908,not (159).jpg,0
1909,not (1248).jpg,0
1910,not (542).jpg,0
1911,fire_ant (383).jpg,1
1912,fire_ant (401).jpg,1
1913,fire_ant (393).jpg,1
1914,not (1166).jpg,0
1915,fire_ant (23).jpg,1
1916,not (31).jpg,0
1917,not (1772).jpg,0
1918,fire_ant (336).jpg,1
1919,not (8).jpeg,0
1920,not (1253).jpg,0
1921,not (573).jpg,0
1922,not (647).jpg,0
1923,not (902).jpg,0
1924,not (945).jpg,0
1925,fire_ant (697).jpg,1
1926,not (602).jpg,0
1927,fire_ant (390).jpg,1
1928,not (315).JPG,0
1929,fire_ant (121).jpg,1
1930,not (151).jpg,0
1931,fire_ant (568).jpg,1
1932,fire_ant (373).jpg,1
1933,not (117).JPG,0
1934,not (130).jpg,0
1935,not (1040).jpg,0
1936,fire_ant (612).jpg,1
1937,not (1326).jpg,0
1938,fire_ant (479).jpg,1
1939,not (1604).JPG,0
1940,fire_ant (44).jpg,1
1941,not (520).jpg,0
1942,not (104).jpg,0
1943,not (537).jpg,0
1944,fire_ant (71).jpg,1
1945,not (1786).jpg,0
1946,not (251).JPG,0
1947,not (792).jpg,0
1948,not (638).jpg,0
1949,not (1301).jpg,0
1950,fire_ant (203).jpg,1
1951,not (1363).JPG,0
1952,not (1206).jpg,0
1953,not (682).jpg,0
1954,not (278).JPG,0
1955,not (1312).jpg,0
1956,fire_ant (240).jpg,1
1957,not (1544).JPG,0
1958,not (1418).jpg,0
1959,not (211).JPG,0
1960,not (1233).jpg,0
1961,not (1442).jpg,0
1962,fire_ant (424).jpg,1
1963,not (1844).JPG,0
1964,arigumo (61).jpg,2
1965,fire_ant (278).jpg,1
1966,not (70).jpeg,0
1967,fire_ant (70).jpg,1
1968,not (299).JPG,0
1969,fire_ant (66).jpg,1
1970,not (1119).jpg,0
1971,not (1204).jpg,0
1972,not (699).jpg,0
1973,not (122).jpg,0
1974,not (801).jpg,0
1975,not (825).jpg,0
1976,not (292).JPG,0
1977,not (364).JPG,0
1978,not (1644).JPG,0
1979,arigumo (38).jpg,2
1980,not (1610).JPG,0
1981,not (349).JPG,0
1982,fire_ant (60).jpg,1
1983,fire_ant (247).jpg,1
1984,not (720).jpg,0
1985,not (1080).jpg,0
1986,not (323).JPG,0
1987,not (474).jpg,0
1988,not (787).jpg,0
1989,not (4).jpeg,0
1990,not (84).jpeg,0
1991,fire_ant (541).jpg,1
1992,not (693).jpg,0
1993,not (13).jpeg,0
1994,not (106).jpg,0
1995,not (316).JPG,0
1996,not (1742).jpg,0
1997,not (1303).jpg,0
1998,fire_ant (522).jpg,1
1999,arigumo (23).jpg,2
2000,not (1807).jpg,0
2001,not (1706).jpg,0
2002,fire_ant (613).jpg,1
2003,not (661).jpg,0
2004,not (1425).jpg,0
2005,not (1262).jpg,0
2006,not (17).jpg,0
2007,not (1530).JPG,0
2008,not (401).JPG,0
2009,fire_ant (457).jpg,1
2010,not (556).jpg,0
2011,fire_ant (209).jpg,1
2012,not (648).jpg,0
2013,not (874).jpg,0
2014,fire_ant (565).jpg,1
2015,not (780).jpg,0
2016,fire_ant (195).jpg,1
2017,not (205).JPG,0
2018,not (1106).jpg,0
2019,not (439).JPG,0
2020,not (1341).jpg,0
2021,not (917).jpg,0
2022,not (841).jpg,0
2023,not (659).jpg,0
2024,not (448).JPG,0
2025,not (1788).jpg,0
2026,not (1444).jpg,0
2027,fire_ant (353).jpg,1
2028,not (376).JPG,0
2029,not (1804).jpg,0
2030,not (381).JPG,0
2031,not (377).JPG,0
2032,fire_ant (692).jpg,1
2033,not (1746).jpg,0
2034,not (90).jpeg,0
2035,not (1481).jpg,0
2036,not (681).jpg,0
2037,not (1158).jpg,0
2038,not (830).jpg,0
2039,not (1252).jpg,0
2040,fire_ant (399).jpg,1
2041,arigumo (7).jpg,2
2042,fire_ant (523).jpg,1
2043,not (1297).jpg,0
2044,not (76).jpeg,0
2045,not (1421).jpg,0
2046,not (1835).JPG,0
2047,not (1463).jpg,0
2048,not (147).jpg,0
2049,not (1623).JPG,0
2050,fire_ant (330).jpg,1
2051,not (865).jpg,0
2052,not (1076).jpg,0
2053,fire_ant (110).jpg,1
2054,not (798).jpg,0
2055,not (1203).jpg,0
2056,not (1083).jpg,0
2057,not (700).jpg,0
2058,fire_ant (340).jpg,1
2059,not (1525).JPG,0
2060,not (610).jpg,0
2061,not (1047).jpg,0
2062,fire_ant (702).jpg,1
2063,fire_ant (29).jpg,1
2064,not (807).jpg,0
2065,not (1676).jpg,0
2066,not (880).jpg,0
2067,not (38).jpeg,0
2068,fire_ant (490).jpg,1
2069,not (1480).jpg,0
2070,not (74).jpeg,0
2071,not (655).jpg,0
2072,not (1258).jpg,0
2073,not (856).jpg,0
2074,not (1692).jpg,0
2075,fire_ant (466).jpg,1
2076,fire_ant (136).jpg,1
2077,fire_ant (212).jpg,1
2078,not (1017).jpg,0
2079,fire_ant (659).jpg,1
2080,not (781).jpg,0
2081,not (1535).JPG,0
2082,not (1266).jpg,0
2083,fire_ant (93).jpg,1
2084,not (79).jpg,0
2085,fire_ant (315).jpg,1
2086,fire_ant (350).jpg,1
2087,fire_ant (21).jpg,1
2088,not (208).JPG,0
2089,fire_ant (574).jpg,1
2090,fire_ant (446).jpg,1
2091,not (1168).jpg,0
2092,not (1787).jpg,0
2093,not (277).JPG,0
2094,not (121).jpg,0
2095,fire_ant (22).jpg,1
2096,not (1255).jpg,0
2097,not (92).jpeg,0
2098,not (1035).jpg,0
2099,not (91).jpg,0
2100,not (1559).JPG,0
2101,not (1443).jpg,0
2102,fire_ant (585).jpg,1
2103,not (113).jpg,0
2104,not (34).jpg,0
2105,not (132).jpg,0
2106,not (1339).jpg,0
2107,not (495).jpg,0
2108,not (1791).jpg,0
2109,fire_ant (95).jpg,1
2110,fire_ant (403).jpg,1
2111,not (799).jpg,0
2112,fire_ant (389).jpg,1
2113,not (1532).JPG,0
2114,not (1576).JPG,0
2115,not (651).jpg,0
2116,not (330).JPG,0
2117,not (153).jpg,0
2118,not (1601).JPG,0
2119,arigumo (18).jpg,2
2120,fire_ant (162).jpg,1
2121,not (41).jpg,0
2122,not (33).jpg,0
2123,not (1534).JPG,0
2124,not (708).jpg,0
2125,not (1495).jpg,0
2126,not (1503).jpg,0
2127,not (788).jpg,0
2128,not (829).jpg,0
2129,not (356).JPG,0
2130,not (897).jpg,0
2131,not (1613).JPG,0
2132,not (82).jpg,0
2133,arigumo (11).jpg,2
2134,fire_ant (361).jpg,1
2135,not (408).JPG,0
2136,not (426).JPG,0
2137,fire_ant (494).jpg,1
2138,not (1561).JPG,0
2139,fire_ant (476).jpg,1
2140,fire_ant (174).jpg,1
2141,not (143).jpg,0
2142,not (649).jpg,0
2143,not (1646).JPG,0
2144,fire_ant (463).jpg,1
2145,not (27).jpg,0
2146,not (1042).jpg,0
2147,not (1823).JPG,0
2148,not (155).jpg,0
2149,not (640).jpg,0
2150,fire_ant (661).jpg,1
2151,not (1705).jpg,0
2152,not (840).jpg,0
2153,not (1650).jpg,0
2154,not (32).jpeg,0
2155,not (66).JPG,0
2156,not (1633).JPG,0
2157,not (1289).jpg,0
2158,not (1477).jpg,0
2159,not (1223).jpg,0
2160,not (200).JPG,0
2161,not (707).jpg,0
2162,not (336).JPG,0
2163,not (1078).jpg,0
2164,not (764).jpg,0
2165,not (866).jpg,0
2166,fire_ant (250).jpg,1
2167,not (908).jpg,0
2168,fire_ant (84).jpg,1
2169,not (1226).jpg,0
2170,fire_ant (3).png,1
2171,fire_ant (379).jpg,1
2172,not (1729).jpg,0
2173,not (1840).JPG,0
2174,not (1403).jpg,0
2175,not (70).JPG,0
2176,not (1247).jpg,0
2177,not (824).jpg,0
2178,fire_ant (216).jpg,1
2179,not (1454).jpg,0
2180,fire_ant (709).jpg,1
2181,fire_ant (69).jpg,1
2182,fire_ant (255).jpg,1
2183,fire_ant (234).jpg,1
2184,not (79).jpeg,0
2185,not (25).jpg,0
2186,not (1595).JPG,0
2187,not (1010).jpg,0
2188,not (485).jpg,0
2189,not (196).JPG,0
2190,fire_ant (495).jpg,1
2191,not (1797).jpg,0
2192,not (1359).JPG,0
2193,not (904).jpg,0
2194,not (1298).jpg,0
2195,not (760).jpg,0
2196,not (484).jpg,0
2197,not (503).jpg,0
2198,not (1512).jpg,0
2199,not (489).jpg,0
2200,not (1142).jpg,0
2201,not (818).jpg,0
2202,fire_ant (282).jpg,1
2203,not (467).jpg,0
2204,not (1752).jpg,0
2205,not (872).jpg,0
2206,not (954).jpg,0
2207,not (1511).jpg,0
2208,not (1811).jpg,0
2209,not (796).jpg,0
2210,not (1416).jpg,0
2211,not (1768).jpg,0
2212,not (1504).jpg,0
2213,not (436).JPG,0
2214,fire_ant (175).jpg,1
2215,not (373).JPG,0
2216,arigumo (17).jpg,2
2217,not (504).jpg,0
2218,not (461).jpg,0
2219,not (1598).JPG,0
2220,fire_ant (137).jpg,1
2221,not (1188).jpg,0
2222,not (1702).jpg,0
2223,not (1118).jpg,0
2224,not (86).jpeg,0
2225,not (1092).jpg,0
2226,not (1439).jpg,0
2227,not (1691).jpg,0
2228,not (1304).jpg,0
2229,not (1140).jpg,0
2230,not (71).jpg,0
2231,not (543).jpg,0
2232,not (1441).jpg,0
2233,not (1151).jpg,0
2234,not (862).jpg,0
2235,fire_ant (558).jpg,1
2236,fire_ant (462).jpg,1
2237,not (1319).jpg,0
2238,fire_ant (171).jpg,1
2239,not (969).jpg,0
2240,not (1272).jpg,0
2241,not (431).JPG,0
2242,not (517).jpg,0
2243,fire_ant (443).jpg,1
2244,fire_ant (603).jpg,1
2245,not (1501).jpg,0
2246,not (1699).jpg,0
2247,not (991).jpg,0
2248,not (568).jpg,0
2249,not (946).jpg,0
2250,not (583).jpg,0
2251,not (176).JPG,0
2252,not (502).jpg,0
2253,not (404).JPG,0
2254,not (1071).jpg,0
2255,fire_ant (485).jpg,1
2256,not (3).jpg,0
2257,not (1059).jpg,0
2258,not (1057).jpg,0
2259,not (767).jpg,0
2260,not (1838).JPG,0
2261,not (627).jpg,0
2262,not (1648).JPG,0
2263,not (274).JPG,0
2264,arigumo (41).jpg,2
2265,not (903).jpg,0
2266,not (370).JPG,0
2267,not (32).jpg,0
2268,not (1507).JPG,0
2269,not (574).jpg,0
2270,fire_ant (329).jpg,1
2271,not (1376).jpg,0
2272,fire_ant (639).jpg,1
2273,not (380).JPG,0
2274,not (74).jpg,0
2275,not (709).jpg,0
2276,not (1739).jpg,0
2277,arigumo (6).jpg,2
2278,not (970).jpg,0
2279,fire_ant (653).jpg,1
2280,fire_ant (428).jpg,1
2281,fire_ant (68).jpg,1
2282,not (576).jpg,0
2283,not (1295).jpg,0
2284,not (1358).JPG,0
2285,not (957).jpg,0
2286,not (1335).jpg,0
2287,not (1798).jpg,0
2288,fire_ant (39).jpg,1
2289,not (53).jpeg,0
2290,fire_ant (662).jpg,1
2291,not (973).jpg,0
2292,not (1214).jpg,0
2293,not (1817).JPG,0
2294,not (468).jpg,0
2295,not (302).JPG,0
2296,not (359).JPG,0
2297,not (1427).jpg,0
2298,not (1468).jpg,0
2299,not (1088).jpg,0
2300,fire_ant (272).jpg,1
2301,not (55).JPG,0
2302,not (1105).jpg,0
2303,not (102).jpeg,0
2304,arigumo (49).jpg,2
2305,not (229).JPG,0
2306,fire_ant (618).jpg,1
2307,fire_ant (598).jpg,1
2308,not (1553).JPG,0
2309,not (60).jpg,0
2310,not (1775).jpg,0
2311,fire_ant (363).jpg,1
2312,not (1072).jpg,0
2313,fire_ant (179).jpg,1
2314,not (1728).jpg,0
2315,fire_ant (14).jpg,1
2316,not (1278).jpg,0
2317,fire_ant (309).jpg,1
2318,not (26).jpeg,0
2319,not (703).jpg,0
2320,not (1025).jpg,0
2321,not (188).JPG,0
2322,not (569).jpg,0
2323,not (112).JPG,0
2324,not (508).jpg,0
2325,not (1713).jpg,0
2326,not (616).jpg,0
2327,not (510).jpg,0
2328,not (226).JPG,0
2329,not (550).jpg,0
2330,not (1578).JPG,0
2331,not (314).JPG,0
2332,not (1111).jpg,0
2333,not (1469).jpg,0
2334,not (1571).JPG,0
2335,not (1586).JPG,0
2336,not (296).JPG,0
2337,not (1112).jpg,0
2338,not (1523).JPG,0
2339,not (390).JPG,0
2340,fire_ant (339).jpg,1
2341,not (1172).jpg,0
2342,fire_ant (96).jpg,1
2343,not (1749).jpg,0
2344,not (1470).jpg,0
2345,not (823).jpg,0
2346,not (728).jpg,0
2347,fire_ant (344).jpg,1
2348,not (1754).jpg,0
2349,not (407).JPG,0
2350,not (1286).jpg,0
2351,not (265).JPG,0
2352,fire_ant (318).jpg,1
2353,fire_ant (332).jpg,1
2354,not (620).jpg,0
2355,not (822).jpg,0
2356,not (1324).jpg,0
2357,fire_ant (258).jpg,1
2358,not (873).jpg,0
2359,fire_ant (464).jpg,1
2360,not (19).jpeg,0
2361,not (466).jpg,0
2362,not (280).JPG,0
2363,not (139).JPG,0
2364,not (937).jpg,0
2365,not (1159).jpg,0
2366,not (284).JPG,0
2367,not (46).jpg,0
2368,not (971).jpg,0
2369,fire_ant (538).jpg,1
2370,not (1390).jpg,0
2371,fire_ant (265).jpg,1
2372,not (521).jpg,0
2373,fire_ant (636).jpg,1
2374,not (898).jpg,0
2375,not (1795).jpg,0
2376,not (687).jpg,0
2377,not (533).jpg,0
2378,fire_ant (579).jpg,1
2379,fire_ant (351).jpg,1
2380,not (1375).jpg,0
2381,not (1243).jpg,0
2382,fire_ant (251).jpg,1
2383,not (843).jpg,0
2384,arigumo (32).jpg,2
2385,fire_ant (275).jpg,1
2386,fire_ant (604).jpg,1
2387,fire_ant (227).jpg,1
2388,not (826).jpg,0
2389,fire_ant (417).jpg,1
2390,fire_ant (77).jpg,1
2391,not (1294).jpg,0
2392,not (1590).JPG,0
2393,fire_ant (570).jpg,1
2394,not (1727).jpg,0
2395,not (519).jpg,0
2396,arigumo (73).jpg,2
2397,not (1846).JPG,0
2398,not (606).jpg,0
2399,not (842).jpg,0
2400,fire_ant (679).jpg,1
2401,fire_ant (394).jpg,1
2402,not (961).jpg,0
2403,fire_ant (388).jpg,1
2404,not (1565).JPG,0
2405,not (86).jpg,0
2406,not (360).JPG,0
2407,not (1185).jpg,0
2408,not (1710).jpg,0
2409,not (388).JPG,0
2410,not (496).jpg,0
2411,not (1061).jpg,0
2412,fire_ant (118).jpg,1
2413,fire_ant (666).jpg,1
2414,not (355).JPG,0
2415,not (871).jpg,0
2416,not (1374).jpg,0
2417,not (1711).jpg,0
2418,not (1053).jpg,0
2419,fire_ant (204).jpg,1
2420,fire_ant (267).jpg,1
2421,not (142).jpg,0
2422,not (101).jpeg,0
2423,not (737).jpg,0
2424,not (1688).jpg,0
2425,not (75).jpg,0
2426,fire_ant (215).jpg,1
2427,arigumo (62).jpg,2
2428,not (529).jpg,0
2429,not (1616).JPG,0
2430,not (730).jpg,0
2431,not (1332).jpg,0
2432,not (1093).jpg,0
2433,not (396).JPG,0
2434,not (1123).jpg,0
2435,not (912).jpg,0
2436,not (1732).jpg,0
2437,not (1200).jpg,0
2438,not (1628).JPG,0
2439,not (1529).JPG,0
2440,fire_ant (646).jpg,1
2441,not (93).jpg,0
2442,fire_ant (25).jpg,1
2443,not (1356).JPG,0
2444,not (334).JPG,0
2445,not (1719).jpg,0
2446,fire_ant (231).jpg,1
2447,not (1584).JPG,0
2448,not (1662).jpg,0
2449,not (615).jpg,0
2450,not (182).jpg,0
2451,not (1741).jpg,0
2452,not (1730).jpg,0
2453,fire_ant (83).jpg,1
2454,not (1758).jpg,0
2455,not (1180).jpg,0
2456,fire_ant (480).jpg,1
2457,not (566).jpg,0
2458,not (1461).jpg,0
2459,not (1046).jpg,0
2460,not (933).jpg,0
2461,fire_ant (224).jpg,1
2462,not (507).jpg,0
2463,not (1440).jpg,0
2464,not (528).jpg,0
2465,not (1144).jpg,0
2466,fire_ant (331).jpg,1
2467,not (875).jpg,0
2468,not (962).jpg,0
2469,not (1241).jpg,0
2470,not (18).jpg,0
2471,not (1153).jpg,0
2472,not (578).jpg,0
2473,not (435).JPG,0
2474,not (247).JPG,0
2475,not (110).jpg,0
2476,fire_ant (127).jpg,1
2477,not (694).jpg,0
2478,not (740).jpg,0
2479,not (1750).jpg,0
2480,not (1386).jpg,0
2481,fire_ant (296).jpg,1
2482,not (786).jpg,0
2483,not (886).jpg,0
2484,fire_ant (222).jpg,1
2485,not (1368).jpg,0
2486,not (441).JPG,0
2487,not (881).jpg,0
2488,fire_ant (347).jpg,1
2489,not (750).jpg,0
2490,arigumo (53).jpg,2
2491,not (1032).jpg,0
2492,not (1323).jpg,0
2493,not (6).jpeg,0
2494,fire_ant (378).jpg,1
2495,not (458).JPG,0
2496,fire_ant (116).jpg,1
2497,not (775).jpg,0
2498,not (690).jpg,0
2499,not (1090).jpg,0
2500,not (65).JPG,0
2501,not (1068).jpg,0
2502,arigumo (22).jpg,2
2503,fire_ant (581).jpg,1
2504,not (413).JPG,0
2505,not (1700).jpg,0
2506,not (1455).jpg,0
2507,not (285).JPG,0
2508,fire_ant (405).jpg,1
2509,not (940).jpg,0
2510,not (1271).jpg,0
2511,not (1328).jpg,0
2512,not (325).JPG,0
2513,not (405).JPG,0
2514,fire_ant (422).jpg,1
2515,not (1395).jpg,0
2516,fire_ant (245).jpg,1
2517,fire_ant (484).jpg,1
2518,not (475).jpg,0
2519,fire_ant (507).jpg,1
2520,not (150).jpg,0
2521,fire_ant (685).jpg,1
2522,not (1011).jpg,0
2523,fire_ant (609).jpg,1
2524,not (789).jpg,0
2525,not (1034).jpg,0
2526,not (1007).jpg,0
2527,not (858).jpg,0
2528,not (1372).jpg,0
2529,fire_ant (518).jpg,1
2530,not (1627).JPG,0
2531,fire_ant (341).jpg,1
2532,fire_ant (342).jpg,1
2533,arigumo (40).jpg,2
2534,not (11).jpeg,0
2535,arigumo (81).jpg,2
2536,fire_ant (72).jpg,1
2537,not (400).JPG,0
2538,not (1538).JPG,0
2539,fire_ant (61).jpg,1
2540,not (936).jpg,0
2541,not (417).JPG,0
2542,not (214).JPG,0
2543,not (1581).JPG,0
2544,fire_ant (561).jpg,1
2545,not (1211).jpg,0
2546,not (907).jpg,0
2547,not (1722).jpg,0
2548,not (304).JPG,0
2549,not (57).jpg,0
2550,not (201).JPG,0
2551,not (778).jpg,0
2552,not (290).JPG,0
2553,not (1338).jpg,0
2554,fire_ant (154).jpg,1
2555,not (1365).JPG,0
2556,not (283).JPG,0
2557,arigumo (59).jpg,2
2558,not (891).jpg,0
2559,not (385).JPG,0
2560,fire_ant (219).jpg,1
2561,not (1077).jpg,0
2562,not (1849).JPG,0
2563,not (338).JPG,0
2564,fire_ant (640).jpg,1
2565,fire_ant (367).jpg,1
2566,not (601).jpg,0
2567,not (39).jpg,0
2568,not (1316).jpg,0
2569,fire_ant (291).jpg,1
2570,fire_ant (89).jpg,1
2571,not (1464).jpg,0
2572,not (1045).jpg,0
2573,not (487).jpg,0
2574,arigumo (10).jpg,2
2575,not (725).jpg,0
2576,fire_ant (160).jpg,1
2577,not (953).jpg,0
2578,not (1552).JPG,0
2579,not (689).jpg,0
2580,not (1393).jpg,0
2581,fire_ant (40).jpg,1
2582,not (1605).JPG,0
2583,not (442).JPG,0
2584,fire_ant (497).jpg,1
2585,not (738).jpg,0
2586,fire_ant (407).jpg,1
2587,fire_ant (478).jpg,1
2588,not (967).jpg,0
2589,not (88).jpg,0
2590,fire_ant (270).jpg,1
2591,not (6).jpg,0
2592,fire_ant (184).jpg,1
2593,arigumo (48).jpg,2
2594,not (567).jpg,0
2595,not (61).jpg,0
2596,not (60).jpeg,0
2597,fire_ant (556).jpg,1
2598,fire_ant (108).jpg,1
2599,not (1300).jpg,0
2600,not (96).jpeg,0
2601,not (1309).jpg,0
2602,not (1108).jpg,0
2603,not (523).jpg,0
2604,fire_ant (704).jpg,1
2605,fire_ant (413).jpg,1
2606,not (193).JPG,0
2607,fire_ant (371).jpg,1
2608,not (1169).jpg,0
2609,arigumo (68).jpg,2
2610,not (89).jpg,0
2611,fire_ant (119).jpg,1
2612,not (267).JPG,0
2613,fire_ant (316).jpg,1
2614,not (803).jpg,0
2615,not (1757).jpg,0
2616,fire_ant (629).jpg,1
2617,arigumo (52).jpg,2
2618,not (486).jpg,0
2619,not (812).jpg,0
2620,not (43).jpeg,0
2621,not (2).jpg,0
2622,not (1697).jpg,0
2623,not (935).jpg,0
2624,fire_ant (542).jpg,1
2625,not (1686).jpg,0
2626,not (1819).JPG,0
2627,arigumo (34).jpg,2
2628,fire_ant (425).jpg,1
2629,not (1796).jpg,0
2630,not (1433).jpg,0
2631,not (976).jpg,0
2632,not (704).jpg,0
2633,not (48).JPG,0
2634,not (1069).jpg,0
2635,not (1606).JPG,0
2636,not (198).JPG,0
2637,not (1263).jpg,0
2638,not (751).jpg,0
2639,not (252).JPG,0
2640,not (29).jpg,0
2641,not (721).jpg,0
2642,fire_ant (467).jpg,1
2643,not (73).jpeg,0
2644,arigumo (71).jpg,2
2645,not (669).jpg,0
2646,not (545).jpg,0
2647,fire_ant (197).jpg,1
2648,not (1583).JPG,0
2649,not (650).jpg,0
2650,not (1654).jpg,0
2651,not (311).JPG,0
2652,not (1012).jpg,0
2653,not (17).jpeg,0
2654,fire_ant (337).jpg,1
2655,arigumo (77).jpg,2
2656,not (1005).jpg,0
2657,not (1429).jpg,0
2658,arigumo (85).jpg,2
2659,not (1685).jpg,0
2660,not (58).jpg,0
2661,fire_ant (187).jpg,1
2662,not (993).jpg,0
2663,not (985).jpg,0
2664,not (317).JPG,0
2665,not (1832).JPG,0
2666,not (1709).jpg,0
2667,fire_ant (302).jpg,1
2668,not (1475).jpg,0
2669,not (1780).jpg,0
2670,not (194).JPG,0
2671,not (1036).jpg,0
2672,fire_ant (619).jpg,1
2673,not (479).jpg,0
2674,fire_ant (381).jpg,1
2675,not (1285).jpg,0
2676,not (1256).jpg,0
2677,fire_ant (276).jpg,1
2678,arigumo (65).jpg,2
2679,arigumo (94).jpg,2
2680,fire_ant (410).jpg,1
2681,fire_ant (20).jpg,1
2682,fire_ant (172).jpg,1
2683,not (282).JPG,0
2684,not (298).JPG,0
2685,not (185).JPG,0
2686,not (1229).jpg,0
2687,not (1207).jpg,0
2688,not (344).JPG,0
2689,not (1599).JPG,0
2690,not (1437).jpg,0
2691,not (949).jpg,0
2692,fire_ant (400).jpg,1
2693,fire_ant (460).jpg,1
2694,not (1783).jpg,0
2695,not (481).jpg,0
2696,not (498).jpg,0
2697,arigumo (55).jpg,2
2698,not (1357).JPG,0
2699,not (955).jpg,0
2700,not (1531).JPG,0
2701,not (452).JPG,0
2702,fire_ant (637).jpg,1
2703,not (1402).jpg,0
2704,not (766).jpg,0
2705,fire_ant (376).jpg,1
2706,not (1792).jpg,0
2707,fire_ant (114).jpg,1
2708,not (1486).jpg,0
2709,not (1639).JPG,0
2710,not (1008).jpg,0
2711,not (1221).jpg,0
2712,not (1767).jpg,0
2713,fire_ant (45).jpg,1
2714,not (248).JPG,0
2715,not (1196).jpg,0
2716,fire_ant (111).jpg,1
2717,arigumo (47).jpg,2
2718,not (69).JPG,0
2719,not (639).jpg,0
2720,not (1465).jpg,0
2721,fire_ant (641).jpg,1
2722,not (260).JPG,0
2723,fire_ant (86).jpg,1
2724,not (454).JPG,0
2725,not (172).JPG,0
2726,fire_ant (546).jpg,1
2727,not (552).jpg,0
2728,not (977).jpg,0
2729,not (63).jpg,0
2730,fire_ant (213).jpg,1
2731,not (335).JPG,0
2732,fire_ant (590).jpg,1
2733,fire_ant (672).jpg,1
2734,not (1801).jpg,0
2735,not (577).jpg,0
2736,fire_ant (233).jpg,1
2737,not (1370).jpg,0
2738,not (1506).jpg,0
2739,fire_ant (682).jpg,1
2740,arigumo (29).jpg,2
2741,not (1224).jpg,0
2742,not (1013).jpg,0
2743,fire_ant (35).JPG,1
2744,arigumo (8).jpg,2
2745,not (948).jpg,0
2746,fire_ant (362).jpg,1
2747,arigumo (82).jpg,2
2748,not (1731).jpg,0
2749,fire_ant (193).jpg,1
2750,not (1629).JPG,0
2751,not (617).jpg,0
2752,not (1127).jpg,0
2753,not (85).jpg,0
2754,not (1342).jpg,0
2755,fire_ant (221).jpg,1
2756,not (131).jpg,0
